{"_runtime": 183334.11161231995, "_step": 35751, "_timestamp": 1736709363.3851354, "amp_scale": 1.0, "grad_norm": 700.917236328125, "loss": 961.184326171875, "lr": 4.448486816444052e-09, "val_acc1_all": 52.88063430786133, "val_acc1_audio": 42.45857238769531, "val_acc1_fusion": 39.16364669799805, "val_acc1_image": 26.831953048706055}