{"lr": 0.0004642330907150445, "loss": 1084.7193603515625, "grad_norm": 697.8933715820312, "amp_scale": 1.0, "_timestamp": 1736524648.9750423, "_runtime": 85351.33775138855, "_step": 16199, "val_acc1_image": 27.175039291381836, "val_acc1_audio": 40.568359375, "val_acc1_fusion": 37.5, "val_acc1_all": 51.67659378051758}