{"_runtime": 171636.9647769928, "_step": 33809, "_timestamp": 1736697401.615433, "amp_scale": 1.0, "grad_norm": 715.28076171875, "loss": 993.910400390625, "lr": 7.128582602282051e-06, "val_acc1_all": 52.76411437988281, "val_acc1_audio": 42.38736343383789, "val_acc1_fusion": 38.95650100708008, "val_acc1_image": 27.04557228088379}